filename,predicted_class,confidence,true_class,correct
Office/image_0065.jpg,Office,0.9712616205215454,Office,1
LivingRoom/image_0025.jpg,LivingRoom,0.9418636560440063,LivingRoom,1
Kitchen/image_0130.jpg,Kitchen,0.9656882286071777,Kitchen,1
Suburb/image_0042.jpg,Suburb,0.9736497402191162,Suburb,1
LivingRoom/image_0267.jpg,LivingRoom,0.8098509907722473,LivingRoom,1
Coast/image_0343.jpg,Coast,0.9746742248535156,Coast,1
Highway/image_0193.jpg,Highway,0.5786718130111694,Highway,1
Store/image_0028.jpg,Store,0.9253068566322327,Store,1
OpenCountry/image_0232.jpg,OpenCountry,0.9666517972946167,OpenCountry,1
Highway/image_0134.jpg,Highway,0.9258620142936707,Highway,1
Forest/image_0041.jpg,Forest,0.9656420946121216,Forest,1
Industrial/image_0047.jpg,Industrial,0.991669774055481,Industrial,1
Coast/image_0007.jpg,Coast,0.8672304153442383,Coast,1
Office/image_0056.jpg,Office,0.8644152879714966,Office,1
TallBuilding/image_0086.jpg,TallBuilding,0.9828519821166992,TallBuilding,1
Flower/image_0155.jpg,Flower,0.9318605661392212,Flower,1
Kitchen/image_0086.jpg,Kitchen,0.7818185091018677,Kitchen,1
InsideCity/image_0048.jpg,InsideCity,0.9781971573829651,InsideCity,1
Industrial/image_0022.jpg,Industrial,0.9270904064178467,Industrial,1
Store/image_0005.jpg,Store,0.9808581471443176,Store,1
Suburb/image_0105.jpg,Suburb,0.9773088097572327,Suburb,1
LivingRoom/image_0280.jpg,LivingRoom,0.7360918521881104,LivingRoom,1
Street/image_0148.jpg,Street,0.8510075211524963,Street,1
Highway/image_0113.jpg,Highway,0.9733378291130066,Highway,1
InsideCity/image_0060.jpg,InsideCity,0.8791031837463379,InsideCity,1
Store/image_0026.jpg,Store,0.9683374166488647,Store,1
Industrial/image_0162.jpg,Industrial,0.7758272290229797,Industrial,1
Coast/image_0287.jpg,Coast,0.9292769432067871,Coast,1
Coast/image_0355.jpg,Coast,0.9813510179519653,Coast,1
Street/image_0004.jpg,Street,0.8987222909927368,Street,1
Forest/image_0044.jpg,Forest,0.9786093235015869,Forest,1
Mountain/image_0178.jpg,Mountain,0.9769279360771179,Mountain,1
Flower/image_0124.jpg,Flower,0.9615902304649353,Flower,1
OpenCountry/image_0178.jpg,OpenCountry,0.9740616083145142,OpenCountry,1
Coast/image_0307.jpg,Coast,0.9022608399391174,Coast,1
Bedroom/image_0033.jpg,Bedroom,0.9966205358505249,Bedroom,1
Bedroom/image_0020.jpg,Bedroom,0.9634244441986084,Bedroom,1
Suburb/image_0169.jpg,Suburb,0.9821722507476807,Suburb,1
Office/image_0170.jpg,Office,0.9182988405227661,Office,1
Bedroom/image_0024.jpg,Bedroom,0.9868540167808533,Bedroom,1
Store/image_0097.jpg,Store,0.9872245788574219,Store,1
Highway/image_0037.jpg,Highway,0.958359956741333,Highway,1
OpenCountry/image_0316.jpg,OpenCountry,0.9531821012496948,OpenCountry,1
LivingRoom/image_0164.jpg,LivingRoom,0.8230382204055786,LivingRoom,1
TallBuilding/image_0042.jpg,TallBuilding,0.9493770599365234,TallBuilding,1
OpenCountry/image_0044.jpg,OpenCountry,0.633338212966919,OpenCountry,1
Mountain/image_0282.jpg,Mountain,0.9232264161109924,Mountain,1
Flower/image_0186.jpg,Flower,0.9593483209609985,Flower,1
Highway/image_0029.jpg,InsideCity,0.8177617192268372,Highway,0
TallBuilding/image_0329.jpg,TallBuilding,0.9831205606460571,TallBuilding,1
Kitchen/image_0036.jpg,Kitchen,0.8998255729675293,Kitchen,1
Mountain/image_0317.jpg,Mountain,0.9562861919403076,Mountain,1
Flower/image_0100.jpg,Flower,0.9653221964836121,Flower,1
Street/image_0074.jpg,Street,0.9718910455703735,Street,1
Flower/image_0173.jpg,Flower,0.9481893181800842,Flower,1
LivingRoom/image_0051.jpg,LivingRoom,0.7641423940658569,LivingRoom,1
InsideCity/image_0305.jpg,InsideCity,0.6301823854446411,InsideCity,1
Office/image_0182.jpg,Office,0.9879972338676453,Office,1
Kitchen/image_0006.jpg,Kitchen,0.9751899242401123,Kitchen,1
Bedroom/image_0108.jpg,Bedroom,0.9827151894569397,Bedroom,1
Kitchen/image_0163.jpg,Kitchen,0.9820408821105957,Kitchen,1
Bedroom/image_0094.jpg,Bedroom,0.9624361991882324,Bedroom,1
Store/image_0110.jpg,Store,0.6656863689422607,Store,1
InsideCity/image_0157.jpg,InsideCity,0.9536622762680054,InsideCity,1
TallBuilding/image_0234.jpg,TallBuilding,0.946587085723877,TallBuilding,1
Store/image_0036.jpg,Store,0.9724709987640381,Store,1
Mountain/image_0303.jpg,Mountain,0.9584194421768188,Mountain,1
Coast/image_0028.jpg,Coast,0.8606035709381104,Coast,1
Store/image_0048.jpg,Store,0.8896434307098389,Store,1
Coast/image_0189.jpg,Coast,0.9729125499725342,Coast,1
Store/image_0188.jpg,Store,0.9438645839691162,Store,1
Bedroom/image_0137.jpg,Bedroom,0.9807165861129761,Bedroom,1
Kitchen/image_0133.jpg,Kitchen,0.9796125888824463,Kitchen,1
Coast/image_0065.jpg,Coast,0.9688256978988647,Coast,1
LivingRoom/image_0052.jpg,LivingRoom,0.9711930751800537,LivingRoom,1
Bedroom/image_0021.jpg,Bedroom,0.9270468354225159,Bedroom,1
OpenCountry/image_0011.jpg,OpenCountry,0.8601478338241577,OpenCountry,1
OpenCountry/image_0078.jpg,OpenCountry,0.9027841091156006,OpenCountry,1
Store/image_0052.jpg,Store,0.9149206876754761,Store,1
InsideCity/image_0244.jpg,InsideCity,0.9769196510314941,InsideCity,1
Street/image_0275.jpg,Street,0.3583777844905853,Street,1
Suburb/image_0064.jpg,Suburb,0.9460357427597046,Suburb,1
TallBuilding/image_0211.jpg,TallBuilding,0.9357427358627319,TallBuilding,1
LivingRoom/image_0047.jpg,LivingRoom,0.5500092506408691,LivingRoom,1
InsideCity/image_0004.jpg,InsideCity,0.8966977596282959,InsideCity,1
Mountain/image_0004.jpg,Mountain,0.9590284824371338,Mountain,1
Suburb/image_0076.jpg,Suburb,0.9549062252044678,Suburb,1
Industrial/image_0074.jpg,Industrial,0.9497836828231812,Industrial,1
Store/image_0032.jpg,Store,0.9848531484603882,Store,1
InsideCity/image_0115.jpg,InsideCity,0.8952431082725525,InsideCity,1
Suburb/image_0217.jpg,Suburb,0.7524944543838501,Suburb,1
Highway/image_0044.jpg,Highway,0.9774287939071655,Highway,1
Highway/image_0237.jpg,Highway,0.9234427213668823,Highway,1
Industrial/image_0053.jpg,Industrial,0.9536547064781189,Industrial,1
Highway/image_0075.jpg,Highway,0.9731378555297852,Highway,1
Bedroom/image_0022.jpg,LivingRoom,0.43910741806030273,Bedroom,0
Flower/image_0129.jpg,Flower,0.956449031829834,Flower,1
LivingRoom/image_0027.jpg,LivingRoom,0.8398424386978149,LivingRoom,1
Highway/image_0070.jpg,Highway,0.9582197666168213,Highway,1
Mountain/image_0302.jpg,Mountain,0.9633752107620239,Mountain,1
Forest/image_0053.jpg,Forest,0.9756002426147461,Forest,1
Highway/image_0103.jpg,Highway,0.9708942174911499,Highway,1
Mountain/image_0271.jpg,Mountain,0.9579715728759766,Mountain,1
Bedroom/image_0164.jpg,Bedroom,0.9917302131652832,Bedroom,1
Suburb/image_0087.jpg,Suburb,0.9408465623855591,Suburb,1
Office/image_0080.jpg,Office,0.9756354093551636,Office,1
OpenCountry/image_0128.jpg,OpenCountry,0.981939435005188,OpenCountry,1
Suburb/image_0158.jpg,Suburb,0.9194960594177246,Suburb,1
Office/image_0190.jpg,Office,0.5950723886489868,Office,1
Bedroom/image_0048.jpg,Bedroom,0.98222815990448,Bedroom,1
Coast/image_0116.jpg,OpenCountry,0.8676055669784546,Coast,0
Industrial/image_0088.jpg,Industrial,0.7818416357040405,Industrial,1
Suburb/image_0040.jpg,Suburb,0.9509968757629395,Suburb,1
Industrial/image_0067.jpg,Industrial,0.4769514203071594,Industrial,1
Suburb/image_0021.jpg,Suburb,0.978421151638031,Suburb,1
OpenCountry/image_0324.jpg,OpenCountry,0.8941700458526611,OpenCountry,1
Flower/image_0143.jpg,Flower,0.9465516805648804,Flower,1
LivingRoom/image_0061.jpg,LivingRoom,0.8921341300010681,LivingRoom,1
InsideCity/image_0181.jpg,Industrial,0.7741210460662842,InsideCity,0
Highway/image_0018.jpg,Highway,0.8613619804382324,Highway,1
OpenCountry/image_0129.jpg,OpenCountry,0.9376051425933838,OpenCountry,1
Forest/image_0072.jpg,Forest,0.9892038702964783,Forest,1
LivingRoom/image_0178.jpg,LivingRoom,0.835777759552002,LivingRoom,1
Highway/image_0052.jpg,Highway,0.9591137170791626,Highway,1
Store/image_0023.jpg,Store,0.9813010692596436,Store,1
InsideCity/image_0025.jpg,InsideCity,0.8205777406692505,InsideCity,1
Coast/image_0190.jpg,Coast,0.9873329401016235,Coast,1
Mountain/image_0008.jpg,Mountain,0.9820847511291504,Mountain,1
TallBuilding/image_0343.jpg,TallBuilding,0.9596408605575562,TallBuilding,1
Mountain/image_0038.jpg,Mountain,0.9917058348655701,Mountain,1
Coast/image_0326.jpg,Coast,0.3772179186344147,Coast,1
TallBuilding/image_0214.jpg,TallBuilding,0.5780141353607178,TallBuilding,1
Office/image_0030.jpg,Office,0.9630379676818848,Office,1
Industrial/image_0296.jpg,Industrial,0.9968422055244446,Industrial,1
Coast/image_0012.jpg,Coast,0.975153923034668,Coast,1
Mountain/image_0203.jpg,Mountain,0.9492028951644897,Mountain,1
Street/image_0042.jpg,Street,0.9156296849250793,Street,1
Coast/image_0014.jpg,Coast,0.9712322950363159,Coast,1
OpenCountry/image_0036.jpg,OpenCountry,0.9588232040405273,OpenCountry,1
LivingRoom/image_0068.jpg,LivingRoom,0.8296813368797302,LivingRoom,1
TallBuilding/image_0256.jpg,TallBuilding,0.9735429286956787,TallBuilding,1
OpenCountry/image_0283.jpg,OpenCountry,0.981717586517334,OpenCountry,1
Suburb/image_0218.jpg,Suburb,0.9804159998893738,Suburb,1
Coast/image_0241.jpg,Coast,0.9412460923194885,Coast,1
Forest/image_0026.jpg,Forest,0.8897948861122131,Forest,1
OpenCountry/image_0235.jpg,OpenCountry,0.9443161487579346,OpenCountry,1
Flower/image_0092.jpg,Flower,0.9613523483276367,Flower,1
TallBuilding/image_0026.jpg,TallBuilding,0.835962176322937,TallBuilding,1
Highway/image_0040.jpg,Highway,0.9787914752960205,Highway,1
Street/image_0255.jpg,Street,0.9735751152038574,Street,1
Mountain/image_0195.jpg,Mountain,0.9476815462112427,Mountain,1
OpenCountry/image_0096.jpg,OpenCountry,0.98707115650177,OpenCountry,1
Flower/image_0171.jpg,Flower,0.9296061992645264,Flower,1
Mountain/image_0324.jpg,Mountain,0.943808913230896,Mountain,1
TallBuilding/image_0031.jpg,TallBuilding,0.9423596858978271,TallBuilding,1
InsideCity/image_0052.jpg,Industrial,0.6925336122512817,InsideCity,0
Mountain/image_0067.jpg,Mountain,0.9805504083633423,Mountain,1
Highway/image_0067.jpg,Highway,0.9525914192199707,Highway,1
TallBuilding/image_0007.jpg,TallBuilding,0.4111582040786743,TallBuilding,1
InsideCity/image_0154.jpg,InsideCity,0.6049531102180481,InsideCity,1
Kitchen/image_0044.jpg,Kitchen,0.966569185256958,Kitchen,1
Store/image_0202.jpg,Store,0.9042202234268188,Store,1
Bedroom/image_0149.jpg,Bedroom,0.5019323825836182,Bedroom,1
Street/image_0017.jpg,Street,0.7850306034088135,Street,1
Suburb/image_0038.jpg,Suburb,0.906116247177124,Suburb,1
Street/image_0219.jpg,Street,0.9645234942436218,Street,1
Kitchen/image_0187.jpg,Kitchen,0.8873118758201599,Kitchen,1
InsideCity/image_0083.jpg,InsideCity,0.8761636018753052,InsideCity,1
Kitchen/image_0019.jpg,Kitchen,0.982982873916626,Kitchen,1
Office/image_0015.jpg,Office,0.892346978187561,Office,1
Coast/image_0183.jpg,Coast,0.9128061532974243,Coast,1
Store/image_0172.jpg,Store,0.9596532583236694,Store,1
LivingRoom/image_0045.jpg,LivingRoom,0.6642352938652039,LivingRoom,1
Suburb/image_0071.jpg,Suburb,0.84583580493927,Suburb,1
Highway/image_0068.jpg,Highway,0.9605177640914917,Highway,1
Mountain/image_0267.jpg,Mountain,0.9138596057891846,Mountain,1
OpenCountry/image_0041.jpg,OpenCountry,0.6084686517715454,OpenCountry,1
Kitchen/image_0056.jpg,Kitchen,0.9612797498703003,Kitchen,1
Highway/image_0005.jpg,Highway,0.9079514741897583,Highway,1
Coast/image_0111.jpg,Coast,0.6914917230606079,Coast,1
InsideCity/image_0120.jpg,InsideCity,0.8941925764083862,InsideCity,1
InsideCity/image_0016.jpg,InsideCity,0.8147984743118286,InsideCity,1
Forest/image_0097.jpg,Forest,0.9589864015579224,Forest,1
InsideCity/image_0018.jpg,InsideCity,0.9725427627563477,InsideCity,1
Mountain/image_0342.jpg,Mountain,0.9668365120887756,Mountain,1
InsideCity/image_0247.jpg,InsideCity,0.731370747089386,InsideCity,1
Kitchen/image_0088.jpg,Kitchen,0.5293005704879761,Kitchen,1
Forest/image_0035.jpg,Forest,0.970603346824646,Forest,1
Highway/image_0043.jpg,Highway,0.9828934073448181,Highway,1
Office/image_0052.jpg,Office,0.9900977611541748,Office,1
Kitchen/image_0071.jpg,Kitchen,0.9751440286636353,Kitchen,1
Suburb/image_0224.jpg,Suburb,0.9754278659820557,Suburb,1
Mountain/image_0045.jpg,Mountain,0.8791795969009399,Mountain,1
Street/image_0195.jpg,Street,0.9463056921958923,Street,1
Suburb/image_0051.jpg,Suburb,0.8848509788513184,Suburb,1
Store/image_0067.jpg,Store,0.9562174081802368,Store,1
Kitchen/image_0068.jpg,Kitchen,0.936310350894928,Kitchen,1
Bedroom/image_0069.jpg,Bedroom,0.9540227651596069,Bedroom,1
Forest/image_0103.jpg,Forest,0.9749470353126526,Forest,1
Office/image_0036.jpg,Office,0.8461905717849731,Office,1
Flower/image_0107.jpg,Flower,0.9791594743728638,Flower,1
Forest/image_0218.jpg,Forest,0.9793087244033813,Forest,1
Flower/image_0165.jpg,Flower,0.9117795825004578,Flower,1
Street/image_0239.jpg,Street,0.9763349294662476,Street,1
Office/image_0184.jpg,Office,0.8843599557876587,Office,1
Bedroom/image_0060.jpg,Bedroom,0.7766876220703125,Bedroom,1
Industrial/image_0283.jpg,Industrial,0.9962745308876038,Industrial,1
Store/image_0063.jpg,Store,0.7975996732711792,Store,1
InsideCity/image_0058.jpg,InsideCity,0.9282962679862976,InsideCity,1
Industrial/image_0131.jpg,Industrial,0.982477068901062,Industrial,1
TallBuilding/image_0004.jpg,TallBuilding,0.9503346681594849,TallBuilding,1
Highway/image_0120.jpg,Highway,0.962217390537262,Highway,1
Highway/image_0028.jpg,Highway,0.9356585741043091,Highway,1
OpenCountry/image_0030.jpg,OpenCountry,0.9897880554199219,OpenCountry,1
Coast/image_0058.jpg,Coast,0.9062840938568115,Coast,1
Coast/image_0200.jpg,Coast,0.9392760396003723,Coast,1
Industrial/image_0226.jpg,Industrial,0.9932537078857422,Industrial,1
Industrial/image_0172.jpg,Industrial,0.8318427801132202,Industrial,1
InsideCity/image_0135.jpg,InsideCity,0.9478393197059631,InsideCity,1
InsideCity/image_0010.jpg,InsideCity,0.9726694226264954,InsideCity,1
Bedroom/image_0051.jpg,Bedroom,0.9806265830993652,Bedroom,1
OpenCountry/image_0367.jpg,OpenCountry,0.9349099397659302,OpenCountry,1
Mountain/image_0042.jpg,Mountain,0.9599337577819824,Mountain,1
TallBuilding/image_0178.jpg,TallBuilding,0.9612046480178833,TallBuilding,1
Bedroom/image_0145.jpg,Bedroom,0.9303621053695679,Bedroom,1
Store/image_0058.jpg,Store,0.946405291557312,Store,1
Kitchen/image_0089.jpg,Kitchen,0.7742810249328613,Kitchen,1
Flower/image_0148.jpg,Flower,0.9377408623695374,Flower,1
Mountain/image_0184.jpg,Mountain,0.9577299356460571,Mountain,1
InsideCity/image_0065.jpg,InsideCity,0.8094272613525391,InsideCity,1
Kitchen/image_0027.jpg,Kitchen,0.7562347054481506,Kitchen,1
Office/image_0032.jpg,Office,0.9809436202049255,Office,1
Mountain/image_0039.jpg,Mountain,0.5682556629180908,Mountain,1
Flower/image_0135.jpg,Flower,0.9636143445968628,Flower,1
Highway/image_0217.jpg,Highway,0.980515718460083,Highway,1
Office/image_0085.jpg,Office,0.9611129760742188,Office,1
Highway/image_0063.jpg,Highway,0.9712081551551819,Highway,1
Bedroom/image_0126.jpg,Bedroom,0.9642631411552429,Bedroom,1
LivingRoom/image_0029.jpg,LivingRoom,0.24772559106349945,LivingRoom,1
Coast/image_0024.jpg,Coast,0.9645091891288757,Coast,1
OpenCountry/image_0048.jpg,OpenCountry,0.785125732421875,OpenCountry,1
Street/image_0093.jpg,Street,0.6917353272438049,Street,1
Kitchen/image_0208.jpg,Kitchen,0.9494367241859436,Kitchen,1
Flower/image_0105.jpg,Flower,0.9378014802932739,Flower,1
Street/image_0223.jpg,Street,0.9619171619415283,Street,1
Flower/image_0160.jpg,Flower,0.8942769765853882,Flower,1
Kitchen/image_0199.jpg,Kitchen,0.9024982452392578,Kitchen,1
Forest/image_0018.jpg,Forest,0.9907950162887573,Forest,1
Office/image_0017.jpg,Office,0.5988122224807739,Office,1
LivingRoom/image_0265.jpg,LivingRoom,0.7803948521614075,LivingRoom,1
Bedroom/image_0198.jpg,Bedroom,0.9689226150512695,Bedroom,1
Bedroom/image_0054.jpg,Bedroom,0.9608618021011353,Bedroom,1
Forest/image_0028.jpg,Forest,0.9293893575668335,Forest,1
Bedroom/image_0007.jpg,Bedroom,0.5663375854492188,Bedroom,1
InsideCity/image_0177.jpg,InsideCity,0.780115008354187,InsideCity,1
Suburb/image_0007.jpg,Suburb,0.9586920738220215,Suburb,1
Suburb/image_0097.jpg,Suburb,0.9690641760826111,Suburb,1
OpenCountry/image_0012.jpg,OpenCountry,0.4542645812034607,OpenCountry,1
Flower/image_0059.jpg,Flower,0.9707285165786743,Flower,1
Industrial/image_0093.jpg,Industrial,0.6342577338218689,Industrial,1
Highway/image_0050.jpg,Highway,0.9543428421020508,Highway,1
Office/image_0046.jpg,Office,0.8417446613311768,Office,1
Office/image_0060.jpg,Office,0.8863883018493652,Office,1
Office/image_0189.jpg,Office,0.7840646505355835,Office,1
Forest/image_0205.jpg,Forest,0.9407021403312683,Forest,1
Office/image_0048.jpg,Office,0.9704107642173767,Office,1
Street/image_0259.jpg,Street,0.9906352758407593,Street,1
Store/image_0223.jpg,Store,0.9516038298606873,Store,1
Mountain/image_0151.jpg,Mountain,0.6293913125991821,Mountain,1
Highway/image_0170.jpg,Highway,0.7933987379074097,Highway,1
Office/image_0019.jpg,Office,0.9548022747039795,Office,1
Store/image_0148.jpg,Store,0.7019222378730774,Store,1
Forest/image_0015.jpg,Forest,0.9774743318557739,Forest,1
LivingRoom/image_0009.jpg,Bedroom,0.9172458648681641,LivingRoom,0
OpenCountry/image_0094.jpg,Mountain,0.8247926235198975,OpenCountry,0
Suburb/image_0201.jpg,Suburb,0.9578595161437988,Suburb,1
LivingRoom/image_0021.jpg,LivingRoom,0.6926310658454895,LivingRoom,1
Store/image_0246.jpg,Store,0.9634940028190613,Store,1
Coast/image_0224.jpg,Coast,0.9406628608703613,Coast,1
Coast/image_0231.jpg,Coast,0.9603759050369263,Coast,1
InsideCity/image_0020.jpg,InsideCity,0.9348793625831604,InsideCity,1
TallBuilding/image_0059.jpg,TallBuilding,0.9932782649993896,TallBuilding,1
OpenCountry/image_0057.jpg,OpenCountry,0.9114441871643066,OpenCountry,1
Flower/image_0123.jpg,Flower,0.9334136843681335,Flower,1
Store/image_0224.jpg,Store,0.9613825678825378,Store,1
Coast/image_0117.jpg,Coast,0.9025119543075562,Coast,1
TallBuilding/image_0224.jpg,TallBuilding,0.9572016596794128,TallBuilding,1
Bedroom/image_0210.jpg,Bedroom,0.967294454574585,Bedroom,1
Office/image_0068.jpg,Office,0.9819890260696411,Office,1
Bedroom/image_0116.jpg,Bedroom,0.9943140745162964,Bedroom,1
Coast/image_0354.jpg,Coast,0.9680036902427673,Coast,1
Mountain/image_0014.jpg,Mountain,0.9632751941680908,Mountain,1
Suburb/image_0209.jpg,Suburb,0.8570607900619507,Suburb,1
Highway/image_0183.jpg,Highway,0.9769229888916016,Highway,1
Store/image_0035.jpg,Store,0.9695466756820679,Store,1
Flower/image_0182.jpg,Flower,0.9387812614440918,Flower,1
LivingRoom/image_0248.jpg,LivingRoom,0.9080427885055542,LivingRoom,1
Forest/image_0040.jpg,Forest,0.9887820482254028,Forest,1
Flower/image_0127.jpg,Flower,0.975827157497406,Flower,1
LivingRoom/image_0253.jpg,Bedroom,0.659817099571228,LivingRoom,0
LivingRoom/image_0162.jpg,LivingRoom,0.8488690853118896,LivingRoom,1
Street/image_0173.jpg,Street,0.9462834000587463,Street,1
Coast/image_0009.jpg,Coast,0.9575860500335693,Coast,1
Forest/image_0323.jpg,Forest,0.9529990553855896,Forest,1
Flower/image_0118.jpg,Flower,0.9651499390602112,Flower,1
Forest/image_0036.jpg,Forest,0.8461508750915527,Forest,1
LivingRoom/image_0217.jpg,LivingRoom,0.9746252298355103,LivingRoom,1
Forest/image_0037.jpg,Forest,0.9610533714294434,Forest,1
OpenCountry/image_0229.jpg,OpenCountry,0.5034376382827759,OpenCountry,1
Kitchen/image_0080.jpg,Kitchen,0.9780678749084473,Kitchen,1
Office/image_0211.jpg,Office,0.9140586853027344,Office,1
Industrial/image_0120.jpg,Industrial,0.9587465524673462,Industrial,1
Kitchen/image_0008.jpg,Kitchen,0.40076515078544617,Kitchen,1
Forest/image_0125.jpg,Forest,0.9681710004806519,Forest,1
Bedroom/image_0187.jpg,Bedroom,0.9353631734848022,Bedroom,1
OpenCountry/image_0013.jpg,OpenCountry,0.5994864702224731,OpenCountry,1
InsideCity/image_0031.jpg,InsideCity,0.9860554933547974,InsideCity,1
Industrial/image_0072.jpg,Coast,0.3298245072364807,Industrial,0
InsideCity/image_0257.jpg,InsideCity,0.9548604488372803,InsideCity,1
Industrial/image_0043.jpg,Industrial,0.9603745937347412,Industrial,1
Mountain/image_0061.jpg,Mountain,0.7551771402359009,Mountain,1
Kitchen/image_0058.jpg,Kitchen,0.8529256582260132,Kitchen,1
Industrial/image_0280.jpg,Industrial,0.8181226253509521,Industrial,1
TallBuilding/image_0331.jpg,TallBuilding,0.9846145510673523,TallBuilding,1
Highway/image_0008.jpg,Highway,0.9911940097808838,Highway,1
Industrial/image_0287.jpg,Industrial,0.9973382949829102,Industrial,1
LivingRoom/image_0211.jpg,LivingRoom,0.9282703399658203,LivingRoom,1
Kitchen/image_0059.jpg,Kitchen,0.9552918672561646,Kitchen,1
LivingRoom/image_0076.jpg,LivingRoom,0.9065440893173218,LivingRoom,1
TallBuilding/image_0034.jpg,TallBuilding,0.988332986831665,TallBuilding,1
Kitchen/image_0081.jpg,Kitchen,0.9666711091995239,Kitchen,1
Industrial/image_0013.jpg,Industrial,0.9939121603965759,Industrial,1
Highway/image_0199.jpg,Highway,0.9513220191001892,Highway,1
Store/image_0298.jpg,Store,0.7184274196624756,Store,1
Flower/image_0074.jpg,Flower,0.9316896200180054,Flower,1
Office/image_0074.jpg,Office,0.988188624382019,Office,1
Mountain/image_0274.jpg,Mountain,0.9715009927749634,Mountain,1
Store/image_0012.jpg,Store,0.6441421508789062,Store,1
Suburb/image_0208.jpg,Suburb,0.905998706817627,Suburb,1
Flower/image_0188.jpg,Flower,0.9676479697227478,Flower,1
Kitchen/image_0145.jpg,Kitchen,0.800321102142334,Kitchen,1
Bedroom/image_0015.jpg,Bedroom,0.8587803840637207,Bedroom,1
Kitchen/image_0077.jpg,LivingRoom,0.7425870895385742,Kitchen,0
Bedroom/image_0171.jpg,Bedroom,0.9552446603775024,Bedroom,1
Mountain/image_0078.jpg,Mountain,0.7598166465759277,Mountain,1
Forest/image_0321.jpg,Forest,0.985885739326477,Forest,1
Office/image_0115.jpg,Office,0.9799944758415222,Office,1
Bedroom/image_0147.jpg,Bedroom,0.644504964351654,Bedroom,1
InsideCity/image_0255.jpg,InsideCity,0.9630786776542664,InsideCity,1
Forest/image_0013.jpg,Forest,0.9795945882797241,Forest,1
Store/image_0186.jpg,Store,0.5755696296691895,Store,1
InsideCity/image_0278.jpg,InsideCity,0.842734158039093,InsideCity,1
OpenCountry/image_0241.jpg,Coast,0.5861133933067322,OpenCountry,0
Office/image_0069.jpg,Office,0.9517576694488525,Office,1
Street/image_0116.jpg,Street,0.8199254870414734,Street,1
OpenCountry/image_0053.jpg,Mountain,0.8600055575370789,OpenCountry,0
InsideCity/image_0040.jpg,InsideCity,0.9574424624443054,InsideCity,1
Suburb/image_0093.jpg,Suburb,0.9759962558746338,Suburb,1
TallBuilding/image_0028.jpg,TallBuilding,0.9274485111236572,TallBuilding,1
Forest/image_0239.jpg,Forest,0.9722224473953247,Forest,1
Street/image_0021.jpg,Street,0.6951483488082886,Street,1
TallBuilding/image_0043.jpg,TallBuilding,0.9776943325996399,TallBuilding,1
Coast/image_0298.jpg,Coast,0.9788147211074829,Coast,1
Forest/image_0051.jpg,Forest,0.9637845754623413,Forest,1
OpenCountry/image_0402.jpg,OpenCountry,0.9516246318817139,OpenCountry,1
Street/image_0081.jpg,InsideCity,0.6093170642852783,Street,0
Industrial/image_0099.jpg,Industrial,0.9362003207206726,Industrial,1
Suburb/image_0032.jpg,Suburb,0.8367043733596802,Suburb,1
Street/image_0032.jpg,Street,0.9599757194519043,Street,1
Flower/image_0167.jpg,Flower,0.9776993989944458,Flower,1
Street/image_0097.jpg,Street,0.9758919477462769,Street,1
Street/image_0003.jpg,Street,0.6031678915023804,Street,1
TallBuilding/image_0261.jpg,TallBuilding,0.980225682258606,TallBuilding,1
Bedroom/image_0028.jpg,Bedroom,0.9934114813804626,Bedroom,1
Suburb/image_0062.jpg,Suburb,0.9607226848602295,Suburb,1
Street/image_0065.jpg,Street,0.9512375593185425,Street,1
Bedroom/image_0216.jpg,Bedroom,0.9723595380783081,Bedroom,1
Street/image_0103.jpg,Street,0.888006329536438,Street,1
Store/image_0261.jpg,Store,0.7199088335037231,Store,1
TallBuilding/image_0093.jpg,TallBuilding,0.8197973966598511,TallBuilding,1
Flower/image_0136.jpg,Flower,0.9660544395446777,Flower,1
LivingRoom/image_0289.jpg,LivingRoom,0.8398424386978149,LivingRoom,1
TallBuilding/image_0196.jpg,TallBuilding,0.7921905517578125,TallBuilding,1
Forest/image_0227.jpg,Forest,0.9875746965408325,Forest,1
Industrial/image_0017.jpg,Industrial,0.8021860122680664,Industrial,1
Office/image_0064.jpg,Office,0.9529109597206116,Office,1
Industrial/image_0004.jpg,Industrial,0.8794929385185242,Industrial,1
Kitchen/image_0109.jpg,Bedroom,0.4213923215866089,Kitchen,0
InsideCity/image_0101.jpg,InsideCity,0.9966735243797302,InsideCity,1
TallBuilding/image_0257.jpg,TallBuilding,0.9410133361816406,TallBuilding,1
Store/image_0144.jpg,Store,0.919731855392456,Store,1
Mountain/image_0249.jpg,Mountain,0.9638622999191284,Mountain,1
Mountain/image_0329.jpg,Mountain,0.9027199745178223,Mountain,1
Office/image_0206.jpg,Office,0.7317463159561157,Office,1
Mountain/image_0280.jpg,Mountain,0.8632069826126099,Mountain,1
Mountain/image_0027.jpg,Mountain,0.9521150588989258,Mountain,1
Mountain/image_0137.jpg,Mountain,0.9326775074005127,Mountain,1
TallBuilding/image_0036.jpg,TallBuilding,0.9372393488883972,TallBuilding,1
Bedroom/image_0055.jpg,LivingRoom,0.39875704050064087,Bedroom,0
TallBuilding/image_0130.jpg,TallBuilding,0.9669177532196045,TallBuilding,1
Suburb/image_0073.jpg,Suburb,0.9200520515441895,Suburb,1
Suburb/image_0039.jpg,Suburb,0.9801457524299622,Suburb,1
Industrial/image_0235.jpg,Industrial,0.26875942945480347,Industrial,1
Coast/image_0143.jpg,Coast,0.8962932825088501,Coast,1
Store/image_0002.jpg,Store,0.4970206618309021,Store,1
Suburb/image_0053.jpg,Suburb,0.9334700107574463,Suburb,1
LivingRoom/image_0209.jpg,LivingRoom,0.9574946165084839,LivingRoom,1
Forest/image_0008.jpg,Forest,0.9896320104598999,Forest,1
Highway/image_0256.jpg,Highway,0.8361063003540039,Highway,1
Forest/image_0014.jpg,Forest,0.9524416327476501,Forest,1
Street/image_0006.jpg,Street,0.9316847920417786,Street,1
OpenCountry/image_0364.jpg,OpenCountry,0.500885009765625,OpenCountry,1
Office/image_0006.jpg,Office,0.9577193856239319,Office,1
Bedroom/image_0030.jpg,Bedroom,0.4638647139072418,Bedroom,1
Industrial/image_0128.jpg,Industrial,0.9792289733886719,Industrial,1
Street/image_0022.jpg,Street,0.8840099573135376,Street,1
Highway/image_0039.jpg,Highway,0.9757708311080933,Highway,1
OpenCountry/image_0039.jpg,OpenCountry,0.7142060995101929,OpenCountry,1
LivingRoom/image_0038.jpg,LivingRoom,0.8867176175117493,LivingRoom,1
LivingRoom/image_0271.jpg,LivingRoom,0.6720820665359497,LivingRoom,1
TallBuilding/image_0110.jpg,InsideCity,0.7718328237533569,TallBuilding,0
Office/image_0053.jpg,Office,0.8842688798904419,Office,1
Industrial/image_0050.jpg,Industrial,0.9885238409042358,Industrial,1
LivingRoom/image_0075.jpg,LivingRoom,0.7951145172119141,LivingRoom,1
OpenCountry/image_0236.jpg,OpenCountry,0.8501431941986084,OpenCountry,1
Industrial/image_0215.jpg,Industrial,0.9538061618804932,Industrial,1
Mountain/image_0057.jpg,OpenCountry,0.748684823513031,Mountain,0
Office/image_0136.jpg,Office,0.9668340682983398,Office,1
Highway/image_0152.jpg,Highway,0.9774014949798584,Highway,1
Forest/image_0045.jpg,Forest,0.9791250824928284,Forest,1
Flower/image_0096.jpg,Flower,0.9706534147262573,Flower,1
Industrial/image_0031.jpg,Coast,0.6727273464202881,Industrial,0
Flower/image_0199.jpg,Flower,0.9682700634002686,Flower,1
Suburb/image_0005.jpg,Suburb,0.9525054693222046,Suburb,1
Store/image_0177.jpg,Store,0.8922932744026184,Store,1
InsideCity/image_0032.jpg,InsideCity,0.9055148363113403,InsideCity,1
Coast/image_0203.jpg,Coast,0.9573438763618469,Coast,1
Kitchen/image_0185.jpg,Kitchen,0.7505934238433838,Kitchen,1
Kitchen/image_0041.jpg,Kitchen,0.917609691619873,Kitchen,1
Street/image_0035.jpg,Street,0.9633549451828003,Street,1
Flower/image_0149.jpg,Flower,0.9604990482330322,Flower,1
Coast/image_0060.jpg,Coast,0.9428426623344421,Coast,1
Forest/image_0164.jpg,Forest,0.9529367089271545,Forest,1
Forest/image_0172.jpg,Forest,0.7509427070617676,Forest,1
LivingRoom/image_0013.jpg,LivingRoom,0.9440176486968994,LivingRoom,1
Flower/image_0108.jpg,Flower,0.9524027109146118,Flower,1
Industrial/image_0197.jpg,Industrial,0.9936224222183228,Industrial,1
Flower/image_0156.jpg,Flower,0.9646393060684204,Flower,1
Bedroom/image_0004.jpg,Bedroom,0.9830522537231445,Bedroom,1
Street/image_0253.jpg,Street,0.9227500557899475,Street,1
Kitchen/image_0112.jpg,Kitchen,0.9423692226409912,Kitchen,1
Industrial/image_0267.jpg,OpenCountry,0.46999508142471313,Industrial,0
Street/image_0020.jpg,Street,0.9606935977935791,Street,1
Street/image_0037.jpg,Street,0.5968858003616333,Street,1
Kitchen/image_0061.jpg,InsideCity,0.4898795485496521,Kitchen,0
LivingRoom/image_0212.jpg,LivingRoom,0.9192821383476257,LivingRoom,1
Industrial/image_0002.jpg,Industrial,0.5968149900436401,Industrial,1
Coast/image_0187.jpg,Coast,0.893916130065918,Coast,1
Suburb/image_0055.jpg,Suburb,0.9535819888114929,Suburb,1
OpenCountry/image_0075.jpg,OpenCountry,0.6232823133468628,OpenCountry,1
Suburb/image_0020.jpg,Suburb,0.956089437007904,Suburb,1
Kitchen/image_0024.jpg,Kitchen,0.8858785629272461,Kitchen,1
Store/image_0253.jpg,Store,0.8442533016204834,Store,1
OpenCountry/image_0092.jpg,OpenCountry,0.8782814145088196,OpenCountry,1
InsideCity/image_0014.jpg,InsideCity,0.9808365106582642,InsideCity,1
Street/image_0071.jpg,Street,0.9134821891784668,Street,1
TallBuilding/image_0165.jpg,TallBuilding,0.9850476980209351,TallBuilding,1
Street/image_0209.jpg,Street,0.9670717716217041,Street,1
LivingRoom/image_0024.jpg,LivingRoom,0.9775009155273438,LivingRoom,1
Office/image_0028.jpg,Office,0.9395053386688232,Office,1
Forest/image_0070.jpg,Forest,0.9174189567565918,Forest,1
Coast/image_0004.jpg,Coast,0.8302239775657654,Coast,1
Store/image_0103.jpg,Store,0.8441044092178345,Store,1
Suburb/image_0232.jpg,Suburb,0.9421592950820923,Suburb,1
Flower/image_0113.jpg,Flower,0.9691484570503235,Flower,1
TallBuilding/image_0352.jpg,TallBuilding,0.9654258489608765,TallBuilding,1
Forest/image_0187.jpg,Forest,0.9748880863189697,Forest,1
TallBuilding/image_0288.jpg,TallBuilding,0.9494596123695374,TallBuilding,1
TallBuilding/image_0023.jpg,InsideCity,0.5151308178901672,TallBuilding,0
Highway/image_0053.jpg,Highway,0.9455863237380981,Highway,1
