epoch,train_loss,train_accuracy,val_loss,val_accuracy,backbone_lr,classifier_lr,epoch_seconds
1,2.2176395396391553,0.5854166666666667,1.691286595662435,0.8520833333333333,8e-06,0.00019999999999999998,4.172877073287964
2,1.4067225416501363,0.8994791666666667,1.1516148408253988,0.8979166666666667,7.984098461281195e-06,0.00019959763068482414,2.526712417602539
3,0.918220994869868,0.9223958333333333,0.7077488422393798,0.93125,7.936521874964587e-06,0.00019839376238043303,5.737498044967651
4,0.6264794424176217,0.9536458333333333,0.5809423128763834,0.9395833333333333,7.857653299748622e-06,0.00019639808792655053,5.5010151863098145
5,0.5251055275400479,0.9651041666666667,0.5286221106847128,0.95,7.748127739026963e-06,0.00019362667532044173,5.472470998764038
6,0.4646691689888636,0.9786458333333333,0.5049563070138295,0.9520833333333333,7.608827028214556e-06,0.00019010183834684678,5.424223184585571
7,0.44436141550540925,0.9770833333333333,0.495184185107549,0.9479166666666666,7.4408727347273715e-06,0.0001858519569205065,5.430023670196533
8,0.4253881608446439,0.984375,0.4809216360251109,0.95,7.245617127781043e-06,0.00018091124858777598,5.476343393325806
9,0.40169957329829536,0.9890625,0.47694899638493854,0.9520833333333333,7.024632290714264e-06,0.00017531949302706092,5.407151460647583
10,0.3920552516976992,0.9927083333333333,0.4768763522307078,0.95625,6.779697463498117e-06,0.00016912171176623712,5.54625678062439
11,0.3836293861269951,0.9963541666666667,0.47622463703155515,0.9541666666666667,6.512784717341999e-06,0.00016236780569578042,5.456851959228516
12,0.3774309252699216,0.9953125,0.47332648634910585,0.9520833333333333,6.226043076735806e-06,0.00015511215329613764,5.486911296844482
13,0.3695009708404541,0.9947916666666666,0.47206223209698994,0.9520833333333333,5.9217812167683455e-06,0.0001474131728141762,5.462098121643066
14,0.3666783387462298,0.9979166666666667,0.47212445735931396,0.9479166666666666,5.602448875032999e-06,0.00013933285191380967,5.467909336090088
15,0.3640946184595426,0.9989583333333333,0.4710357944170634,0.9604166666666667,5.270617127781042e-06,0.000130936248587776,5.516495227813721
16,0.3607021744052569,0.9989583333333333,0.4714749952157338,0.9479166666666666,4.928957689127442e-06,0.00012229096734893362,5.459479331970215
17,0.358484548330307,0.9984375,0.46910027861595155,0.95625,4.580221399979739e-06,0.00011346661491847467,5.477832078933716
18,0.3603816588719686,0.996875,0.47256813446680707,0.95625,4.227216079884534e-06,0.00010453423979353399,5.49018669128418
19,0.35407319515943525,0.9984375,0.4700823903083801,0.9520833333333333,3.872783920115466e-06,9.556576020646605e-05,5.4997313022613525
20,0.3538637270530065,0.9984375,0.4718272050221761,0.9541666666666667,3.519778600020261e-06,8.663338508152535e-05,5.607201099395752
21,0.35204503883918126,0.9989583333333333,0.47251784006754555,0.9541666666666667,3.1710423108725585e-06,7.78090326510664e-05,5.418361663818359
22,0.3489378422498703,0.9994791666666667,0.4747134864330292,0.95,2.829382872218958e-06,6.916375141222402e-05,5.433595418930054
23,0.34968725542227425,0.9994791666666667,0.4697848598162333,0.95625,2.497551124967003e-06,6.076714808619037e-05,5.428517580032349
24,0.34385672758022945,0.9994791666666667,0.47181601723035177,0.9541666666666667,2.1782187832316557e-06,5.2686827185823795e-05,5.439393043518066
25,0.34803459147612253,0.9994791666666667,0.4703683058420817,0.9520833333333333,1.8739569232641958e-06,4.498784670386237e-05,5.446320533752441
